index,Confid,dft_energy,dft_rel_energy,gxtb_rel_energy
0,CONF_1,-1843.4969291297757,0.945685138411818,0.0
1,CONF_2,-1843.4968381072983,1.002801742671977,0.112
2,CONF_3,-1843.4971046798607,0.8355274597687412,0.115
3,CONF_4,-1843.4969452335847,0.9355799976918888,0.156
4,CONF_5,-1843.4967273583177,1.0722967280361215,0.169
5,CONF_6,-1843.49782139102,0.3857912073976877,0.188
6,CONF_7,-1843.496778321604,1.0403172660977589,0.218
7,CONF_8,-1843.4966250372847,1.1365031759299882,0.272
8,CONF_9,-1843.4978740377,0.3527554155971302,0.308
9,CONF_10,-1843.4980250216709,0.2580129739214953,0.381
10,CONF_11,-1843.497340528904,0.6875321851026683,0.394
11,CONF_12,-1843.498017457489,0.2627594979475134,0.438
12,CONF_13,-1843.4979909751376,0.2793771735679229,0.499
13,CONF_14,-1843.4975048526271,0.5844190488676304,0.529
14,CONF_15,-1843.497572528732,0.5419522933340204,0.562
15,CONF_16,-1843.4975872391228,0.5327215228123805,0.723
16,CONF_17,-1843.498235825641,0.1257334827158729,0.961
17,CONF_18,-1843.4983478224983,0.0554554546891949,0.969
18,CONF_19,-1843.498436197725,0.0,0.985
19,CONF_20,-1843.4981636801533,0.1710047760377619,0.999
20,CONF_21,-1843.4982536266712,0.1145633362318676,1.025
21,CONF_22,-1843.498279150192,0.0985473271589398,1.058
22,CONF_23,-1843.4981653927105,0.1699301465686176,1.061
23,CONF_24,-1843.49835720662,0.0495669182799929,1.078
24,CONF_25,-1843.497837893667,0.3754357962714039,1.081
25,CONF_26,-1843.4977179681384,0.4506890655176221,1.134
26,CONF_27,-1843.4977400189769,0.4368521644062184,1.139
27,CONF_28,-1843.4976217162457,0.5110871282045082,1.15
28,CONF_29,-1843.4976707145208,0.4803407105583801,1.157
29,CONF_30,-1843.4976215916963,0.5111652829452851,1.16
30,CONF_31,-1843.497619819792,0.5122771529613601,1.192
31,CONF_32,-1843.4931902181927,3.2918521564675984,3.422
32,CONF_33,-1843.4975315344784,0.5676761871796998,3.494
33,CONF_34,-1843.4972797191328,0.7256903165210815,3.506
34,CONF_35,-1843.492901431428,3.4730658513251456,3.521
35,CONF_36,-1843.497051309372,0.8690174414817875,3.574
36,CONF_37,-1843.497362505674,0.6737417620166752,3.576
37,CONF_38,-1843.4973621207428,0.673983306298851,3.621
38,CONF_39,-1843.4928000403488,3.5366887535042224,3.624
39,CONF_40,-1843.4969145261607,0.9548489065389276,3.654
40,CONF_41,-1843.4972447612347,0.7476263976110431,3.677
41,CONF_42,-1843.492652769493,3.629101215441892,3.688
42,CONF_43,-1843.4926226120429,3.648025015494341,3.731
43,CONF_44,-1843.4968221613835,1.012807804215754,3.692
44,CONF_45,-1843.4925135631336,3.71645320606774,3.742
45,CONF_46,-1843.497073329328,0.8551999190433435,3.743
46,CONF_47,-1843.496916364572,0.9536953035058104,3.773
47,CONF_48,-1843.4968698582968,0.98287799113848,3.803
48,CONF_49,-1843.4967927095888,1.0312888054005498,3.814
49,CONF_50,-1843.4969294946204,0.9454561980714972,3.825
50,CONF_51,-1843.4922654994807,3.8721131482384408,3.868
51,CONF_52,-1843.4968946781828,0.9673035126775176,3.881
52,CONF_53,-1843.4921106863349,3.969258397262365,3.891
53,CONF_54,-1843.4965416771267,1.1888116753522129,3.899
54,CONF_55,-1843.4969558722323,0.928904246602542,3.95
55,CONF_56,-1843.4963548414216,1.3060510803074976,3.952
56,CONF_57,-1843.4964247863031,1.2621606671734753,3.964
57,CONF_58,-1843.4967851656288,1.036022640306555,4.001
58,CONF_59,-1843.4962219436125,1.3894444555683094,4.013
59,CONF_60,-1843.4963832745689,1.2882092804170495,4.051
60,CONF_61,-1843.4967084183857,1.0841815353870743,4.064
61,CONF_62,-1843.496055868393,1.4936566558469622,4.086
62,CONF_63,-1843.4962532761267,1.3697833028737705,4.108
63,CONF_64,-1843.496457356868,1.2417226377448287,4.109
64,CONF_65,-1843.496276833588,1.3550009959766385,4.113
65,CONF_66,-1843.4965487944385,1.184345562244857,4.109
66,CONF_67,-1843.4962020763053,1.4019111906770831,4.148
67,CONF_68,-1843.4961741548768,1.419431887175051,4.164
68,CONF_69,-1843.496195572096,1.4059925821527486,4.209
69,CONF_70,-1843.4960289774708,1.5105307094472664,4.239
70,CONF_71,-1843.4960491917047,1.4978462773723322,4.267
71,CONF_72,-1843.495727869884,1.699475720365058,4.378
72,CONF_73,-1843.4955941988733,1.7833542792590151,4.443
73,CONF_74,-1843.4960466717948,1.499427521127927,4.464
74,CONF_75,-1843.4897459749493,5.453114791554299,4.948
75,CONF_76,-1843.48954280796,5.580602077416756,5.185
76,CONF_77,-1843.4930220976985,3.397347766583607,5.676
77,CONF_78,-1843.4921539698228,3.9420980085975534,6.197
78,CONF_79,-1843.4921378250888,3.952228829176647,6.202
79,CONF_80,-1843.487123716692,7.098581848190975,6.238
80,CONF_81,-1843.4877386896496,6.712686317239331,6.252
81,CONF_82,-1843.4904453125528,5.014280445523127,6.378
82,CONF_83,-1843.4916050865845,4.286522240601016,6.434
83,CONF_84,-1843.491737959116,4.203144727025574,6.455
84,CONF_85,-1843.4901774418609,5.18236930469925,6.473
85,CONF_86,-1843.491470543798,4.370947839163932,6.487
86,CONF_87,-1843.4901022858248,5.22952971730092,6.499
87,CONF_88,-1843.4915746784527,4.305603343309485,6.529
88,CONF_89,-1843.4897849373504,5.428665885038413,6.572
89,CONF_90,-1843.49138028552,4.427584908800668,6.603
90,CONF_91,-1843.48793284586,6.590853295178931,6.608
91,CONF_92,-1843.4878602323977,6.636418242839568,6.611
92,CONF_93,-1843.491348634916,4.447445662597147,6.625
93,CONF_94,-1843.4878789374875,6.624680799123439,6.649
94,CONF_95,-1843.4910666302671,4.62440357975197,6.661
95,CONF_96,-1843.4876640785967,6.759504752948828,6.673
96,CONF_97,-1843.487611690384,6.792378356405493,6.692
97,CONF_98,-1843.490931181689,4.7093975626029305,6.717
98,CONF_99,-1843.4893894260188,5.676849245610924,6.733
99,CONF_100,-1843.487325702236,6.971835919485443,6.776
100,CONF_101,-1843.4892369578613,5.772523014278477,6.778
101,CONF_102,-1843.4873264833848,6.971345748435738,6.748
102,CONF_103,-1843.487175606578,7.066020944737943,6.829
103,CONF_104,-1843.4872486469137,7.020188134028444,6.8
104,CONF_105,-1843.485881109976,7.878317562484085,6.844
105,CONF_106,-1843.490980682306,4.678335925420356,6.845
106,CONF_107,-1843.4859484858684,7.83603918993208,6.852
107,CONF_108,-1843.4901356550367,5.208590536830116,6.893
108,CONF_109,-1843.490522770048,4.965675867502455,6.902
109,CONF_110,-1843.4888302078657,6.027758636654426,6.913
110,CONF_111,-1843.485731165194,7.972407913141524,6.926
111,CONF_112,-1843.489767059786,5.439884056737014,7.039
112,CONF_113,-1843.4899555163047,5.321627591190463,7.094
113,CONF_114,-1843.4895507859185,5.575595908536002,7.113
114,CONF_115,-1843.4894727842168,5.624541976349633,7.29
115,CONF_116,-1843.488938990217,5.959497711157269,7.32
116,CONF_117,-1843.485481637124,8.128986777254,7.379
117,CONF_118,-1843.4849955881173,8.433982528652564,7.638
118,CONF_119,-1843.4840644044448,9.018300283283908,7.96
119,CONF_120,-1843.4844161017888,8.797610199887345,8.024
120,CONF_121,-1843.48396713138,9.079339131407664,8.055
121,CONF_122,-1843.4835894257185,9.31634943402969,8.148
122,CONF_123,-1843.4839855638857,9.067772734135817,8.477
123,CONF_124,-1843.4817560582176,10.466787540858036,8.539
124,CONF_125,-1843.4833084013708,9.49269221222039,8.741
125,CONF_126,-1843.4812867490427,10.761279048065262,9.051
126,CONF_127,-1843.482405292773,10.059392857382363,9.211
127,CONF_128,-1843.482331927023,10.10542986539008,9.313
128,CONF_129,-1843.4821956792584,10.190925337712995,9.371
129,CONF_130,-1843.4820277099063,10.2963261061592,9.462
130,CONF_131,-1843.4817546934464,10.467643934755417,9.51
131,CONF_132,-1843.481445442276,10.661699044176771,9.683
132,CONF_133,-1843.481553342176,10.59399185689017,9.718
